<!--Test for comment, empty_space_btween.-->
                          <            Alle Attr1="ab" Attr2="cd">
<!--Das ist nochmal Kommentar-->
<!--Das ist andereKommentar                 -->
	<                   Person Attr1="ab" Attr2="cd">
<!--Das ist andereKommentar-->
		<  Name                  >Osmann</ Name    >
		                <Vorname>  Hesham </     Vorname  >
<!--Das ist welche Kommentar-->
	                	<  Alter  >30  </   Alter  >
	         	<Nationalitaet>    Egypt  </    Nationalitaet  >
		<Geschlecht Attr1="ab" Attr2="cd">Mann</Geschlecht>
	</Person>
<!--Das ist egen woKommentar-->
	<Person Attr1="ab" Attr2="cd">
		<Name>  Hofmann </ Name  >
	                	

<!--oder ueberal Kommentar ist-->
<Vorname Attr1="ab" Attr2="cd">Maurice</Vorname>
	                           	<Alter>24</Alter>
		                                <Nationalitaet>Deutschland</Nationalitaet>
	                            	<Geschlecht>Mann</Geschlecht>
	</Person>
<!--egal muss die Programm handeln koennen.-->
	<Monster>
		<Name>ET</Name>
		<Vorname>My_Friend</Vorname>
	</Monster>
	<Monster>
		<Name>Thor</Name>
		<Vorname>GodOfThunder</Vorname>
	</Monster>
	
	<LehrerinnenOderLehrern>
		<Person>
			<Name>Baldes</Name>
			<Vorname>Stefan</Vorname><!--egal muss die Programm handeln koennen.-->
			<Alter>40..?<!--egal muss die Programm handeln koennen.--></Alter>
			<Nationalitaet><!--egal muss die Programm handeln koennen.-->Deutschland</Nationalitaet>
			<Geschlecht>Mann</Geschlecht>
		</Person>
		<Person>
			<Name>Schuhmacher</Name>
			<Vorname><!--egal muss die Programm handeln koennen.-->Benedikt</Vorname>
			<Alter>30..?</Alter>
			<Nationalitaet>Deutschland</Nationalitaet>
			<Geschlecht>Mann</Geschlecht>
		</Person>
	</LehrerinnenOderLehrern>

	<SchulerinnenOderSchuler>
		<<!--egal muss die Programm handeln koennen.-->Person><!--egal muss die Programm handeln koennen.-->
			<Name Attr1="ab" Attr2="cd">Jo</Name>
			<Vorname><!--egal muss die Programm handeln koennen.-->Kyuhyun</Vorname>
			<Alt<!--egal muss die Programm handeln koennen.-->er>31</Alter>
			<Nationalitaet>SuedKorea</Nationalitaet>
			<Geschlecht>Mann</Geschlecht>
		</Person>
		<Person>
			<Name>Shah<!--egal muss die Programm handeln koennen.-->bazi</Name>
			<Vorn<!--egal muss die Programm handeln koennen.-->ame>Nasim</Vorname>
			<Alter>Alter der frau istGeheim.^^</Alter>
			<Nationalitaet>IRAN</Nationalitaet>
			<Geschle<!--egal muss die Programm handeln koennen.-->cht>Weiblich</Geschlecht>
		</Person>
		<Per<!--egal muss die Programm handeln koennen.-->son>
			<Name>Yozbashi</Name>
			<Vorname>Alisina</Vorname>
			<Alt<!--egal muss die Programm handeln koennen.-->er>24</Alter>
			<Nationalitaet>Afghanistan</Nationalitaet>
			<Geschlecht>Mann</Geschlecht>
		</P<!--egal muss die Programm handeln koennen.-->erson>
	</Schulerin<!--egal muss die Programm handeln koennen.-->nenOderSchuler>
</A<!--egal muss die Programm handeln koennen.-->lle>